Well	Sample	Sample Type	Target	Target Type	Dye	Tm	60	60.4	60.8	61.2	61.6	62	62.4	62.8	63.2	63.6	64	64.4	64.8	65.2	65.6	66	66.4	66.8	67.2	67.6	68	68.4	68.8	69.2	69.6	70	70.4	70.8	71.2	71.6	72	72.4	72.8	73.2	73.6	74	74.4	74.8	75.2	75.6	76	76.4	76.8	77.2	77.6	78	78.4	78.8	79.2	79.6	80	80.4	80.8	81.2	81.6	82	82.4	82.8	83.2	83.6	84	84.4	84.8	85.2	85.6	86	86.4	86.8	87.2	87.6	88	88.4	88.8	89.2	89.6	90	90.4	90.8	91.2	91.6	92	92.4
A1	gDNA	unkn	Exon 1	toi	SYBRGreen I	87.800	2779.61	2770.27	2752.63	2731.9	2712.7	2703.93	2691.84	2671.49	2644.26	2603.78	2567.52	2555.57	2540.28	2506.49	2506.72	2459.36	2425.99	2393.79	2354.58	2344.68	2315.82	2311.82	2274.81	2245.42	2221.48	2174.5	2154.61	2131.18	2102.06	2093.07	2051.98	2010.54	1975.06	1942.3	1914.59	1895.81	1862.4	1837.9	1812.47	1779.03	1758.34	1717.43	1688.33	1664.32	1638.58	1607.99	1582.08	1542.32	1516.17	1490.43	1463.8	1447.5	1412.13	1389.56	1367.38	1347.85	1338.49	1319.68	1300.42	1280.61	1262.63	1263.64	1253.06	1243.5	1228.75	1193.02	1145.56	1092.28	999.89	899.47	790.15	670.32	574.17	486.62	445.1	424.11	418.96	424.76	418.39	415.94	416.25	417.73
A2	gDNA	unkn	Exon 1	toi	SYBRGreen I	88.200	2783.59	2746.86	2753.65	2748.96	2725.89	2714.35	2687.32	2649.87	2617.88	2601.29	2560.62	2545.91	2520.22	2493.24	2503.32	2472.45	2439.13	2409.94	2363.28	2345.94	2344.68	2323.47	2295.69	2260.29	2230.26	2201.69	2173.67	2149.1	2125.89	2104.19	2077.16	2052.24	2009.24	1979.17	1955.87	1937.58	1915.02	1873.32	1839.98	1794.53	1779.03	1774.21	1757.88	1745.24	1721.35	1692.74	1691.49	1684.66	1658.33	1632.44	1587.95	1553.34	1544.49	1540.74	1521.03	1518.59	1506.33	1485.41	1466.74	1430.79	1376.63	1343.28	1305.3	1265	1237.86	1186.37	1156.24	1118.45	1058.59	985.01	874.11	736.97	612.41	504.74	438.09	404.86	393.16	386.24	380.88	382.77	389.82	394.87
A3	gDNA	unkn	Exon 2	toi	SYBRGreen I	79.000	3005.2	3015.15	3034.58	3012.14	3012.67	3011.84	2988.14	2989.82	2958.47	2939.02	2911.11	2884.84	2875.93	2846.06	2833.99	2808.53	2759.71	2741.1	2706.43	2683.05	2678.07	2647.72	2633.89	2625.59	2615.57	2584.82	2546.31	2507.41	2472.12	2440.12	2405.82	2390.12	2359.9	2343.17	2336	2300.69	2277.65	2238.12	2213.91	2187.85	2154.71	2133.84	2084.58	2020.3	1926.4	1794.29	1618.52	1400.41	1160.51	917.13	714.77	566.13	492.97	462.99	452.69	452.21	444.78	444.97	449.03	453.84	457.41	445.74	426.14	409.22	395.92	406.19	411.09	408.32	404.45	395.32	379.95	381.31	383.46	374.13	388.08	388.38	382.9	392.05	386.87	388.83	394.16	395.19
A4	gDNA	unkn	Exon 2	toi	SYBRGreen I	79.000	2607.75	2608.5	2604.27	2590.3	2584.33	2574.44	2577.29	2562.62	2541.1	2524.01	2504.28	2495.44	2478.77	2469.01	2435.69	2413.14	2392.27	2361.44	2340.5	2317.86	2310.24	2294.57	2282.78	2272.72	2245.19	2226.75	2209.59	2188.87	2168.77	2144.03	2112.59	2094.74	2077.23	2061.21	2048.95	2029.34	2002.54	1981.25	1959.54	1926.91	1916.15	1883.44	1844.49	1793.9	1710.23	1597.09	1449.45	1264.88	1047.37	841.11	656.16	528.8	449.31	414.41	399.18	383.02	381.16	374.44	372.36	366.67	357.53	348.86	344.18	347.33	348.24	357.04	354.02	355.31	357.7	344.16	341.53	338.42	340.42	347.46	351.96	352.28	358.87	372.94	388.06	398.7	396.12	390.18
A5	gDNA	unkn	Exon 3	toi	SYBRGreen I	82.200	2721.58	2723.09	2711.65	2702.53	2697.72	2667.61	2644.38	2630.35	2584.99	2574.28	2559.94	2540.43	2529.95	2504.54	2490.03	2467.5	2450.59	2438.15	2429.28	2410.02	2392.9	2355.98	2330.38	2314.78	2293.51	2292.64	2263.53	2223.65	2205.27	2182.34	2160.41	2146.4	2115.54	2086.48	2061.62	2045.86	2030.94	2005.99	1982.13	1953.86	1916.7	1895.3	1871.31	1844.25	1843.85	1817.11	1800.07	1776.32	1749.54	1738.86	1710.17	1681.41	1610.31	1504.54	1360.59	1176.67	992.93	818.17	669.05	564.52	495.85	463.46	441.21	437.51	437.66	428.73	429.71	435.78	427.79	423.03	422.98	415.11	413.39	418.07	422.36	429.8	439.08	427.75	429.03	427.53	436.43	458.09
A6	gDNA	unkn	Exon 3	toi	SYBRGreen I	82.200	3072.25	3061.58	3018.5	3020.77	3000.07	2968.31	2966.72	2951.6	2941.08	2932.51	2922.5	2888.12	2854.24	2838.61	2794.56	2791.01	2758.3	2718.03	2711.85	2691.18	2677.46	2653.36	2639.42	2592.18	2568.45	2557.77	2516.78	2497.71	2466.18	2427.6	2394.43	2351.21	2315.01	2287.78	2279.92	2263.69	2256.05	2238.04	2198.86	2169.88	2141.06	2107.95	2080.74	2062.57	2029.52	2012.43	2003.87	1967.56	1948.59	1910.32	1873.26	1837.25	1773.9	1675.67	1499.87	1297.51	1074.31	859.45	693.47	551.17	464.45	426.62	409.93	425.93	436.08	440.62	455.48	464.31	458.08	465.18	452.73	444.41	434.59	417.01	412.19	412.08	421.38	423.32	434.24	433.74	433.75	437.85
A7	gDNA	unkn	ZNF80	ref	SYBRGreen I	82.600	2850.71	2869.66	2903.74	2871.69	2855.58	2833.93	2782.27	2765.63	2771.68	2747.98	2749.84	2752.09	2735.15	2720.93	2699.32	2670.68	2629.17	2592.46	2555.05	2550.83	2552.59	2548.37	2545.48	2491.28	2447.59	2415.75	2385.46	2370.27	2354.1	2329.96	2303.52	2285.56	2257.45	2233.52	2204.16	2177.07	2158.07	2148.3	2123.57	2102.53	2072.77	2032.75	2025.66	1987.08	1953.92	1937.74	1891.06	1866.63	1852.19	1813.14	1798.88	1787.04	1747.16	1731.68	1634.42	1503.46	1298.9	1021.09	776.75	573.92	450.46	398.01	379.39	365.96	368.46	370.59	376.48	383.48	387.98	392.65	402.76	401.6	408.84	404.69	385.17	395.14	396.68	400.8	406.94	388.19	375.22	373.87
A8	gDNA	unkn	ZNF80	ref	SYBRGreen I	82.600	2851.39	2882.41	2870.12	2872.26	2870.25	2871.43	2865.85	2851.72	2846.45	2827.98	2819.16	2795.05	2782.7	2755.24	2736.37	2723.11	2689.46	2663.03	2635.05	2612.22	2592.17	2577.03	2578.42	2559.57	2552.33	2537.91	2500.65	2493.39	2455.63	2423.59	2407.41	2373.43	2361.45	2348.04	2324.41	2304.13	2285.07	2252.63	2232.52	2213.45	2196.28	2176.17	2143.56	2110.84	2083.7	2055.58	2032.97	2010.07	1978.53	1953.69	1919.66	1898.21	1863.43	1824.18	1749.52	1611.25	1406.18	1143.33	893.95	685.26	549.56	485.94	468.62	458.14	477.38	481.37	464.96	459.93	428.91	432.58	430.55	425.55	429.08	424.08	421.93	433.5	446.89	448.74	459	448.48	439.39	432.65
A9	gDNA	unkn	GPR15	ref	SYBRGreen I	82.600	2491.41	2464.63	2478.89	2456.6	2435.55	2416.42	2409.64	2419.57	2398.36	2388.44	2352.09	2328.45	2324.62	2326.74	2313.6	2295.54	2286.58	2273.06	2252.42	2228.19	2205.06	2178.1	2158.09	2144.13	2114.35	2085.75	2052.09	2012.35	1997.77	1973.71	1961.2	1955.09	1926.58	1904.86	1879.51	1844.07	1822.52	1797.59	1779.09	1765	1752.99	1735.09	1710.72	1675.3	1643.63	1609.25	1588.27	1593.56	1570.55	1554.48	1541.27	1503.26	1485.18	1452.49	1377.29	1275.5	1098.96	900.54	709.97	557.27	475.44	437.87	425.46	418.92	420.1	430.87	440.99	453.07	456.96	459.87	450.29	441.95	443.14	432.2	444.14	441.6	437.39	436.44	439.3	449.13	440.57	430.37
A10	gDNA	unkn	GPR15	ref	SYBRGreen I	82.600	3154.32	3143.65	3129.55	3111.63	3087.39	3039.46	3015.97	2991.78	2988.48	2994.39	2964.64	2943.49	2900.59	2858.64	2829.44	2813.63	2801.47	2768.76	2743.85	2722.64	2680.56	2680.96	2666.89	2627.29	2606.86	2574.24	2549.54	2519.3	2499.46	2471.78	2442.67	2419.5	2379.17	2347.42	2317.94	2284.19	2272.54	2249.93	2210.53	2188.09	2149.92	2113.12	2088.51	2067.68	2020.32	2000.41	1985.72	1946.18	1932.16	1891.53	1851.32	1836.59	1803.55	1760.69	1678.01	1506.27	1276.07	1022.55	782.41	613.32	533.53	505.44	498.67	500.4	500.35	496.66	495.08	493.83	476.13	467.89	467.54	458.59	465.33	455.85	442.91	448.99	437.35	434.64	439.32	432.9	432.55	430.51
A11	NTC	ntc	Exon 1	toi	SYBRGreen I		563.94	542.01	483.66	432.06	395.24	364.79	394.52	439.52	447.43	442.98	393.31	384.45	388.16	366.98	349.96	362.01	344.76	353.66	382.01	336.75	333.98	352.72	371.58	390.63	400.54	387	398.21	398.44	375.63	387.52	373.21	357.91	363.69	344.76	316.71	320.87	303.13	307.96	320.78	299.86	315.9	312.59	309.61	324.55	328.95	340.51	333.43	319.82	301.46	271.67	279.59	301.37	308.98	309.39	277.81	273.34	276.56	294.28	302.14	333.74	363.46	376.16	417.65	386.4	357.45	334.46	292.83	291.01	255.67	242.28	248.77	232.26	247.52	245.83	238.51	250.37	243.49	249.17	269.23	278.25	267.98	253.94
A12	NTC	ntc	Exon 1	toi	SYBRGreen I		516.52	568.24	545.01	522.29	510.04	495.54	477.77	505.48	506.87	481.39	489.57	459.59	423.14	420.74	418.19	464.02	512.08	493.28	509.34	469.93	448.4	474.66	478.05	495.45	523.67	520.81	506.21	501.96	497.06	475.99	480.16	444.86	428.13	449.22	460.3	472.35	463.76	442.42	439.38	439.17	432.96	452.41	444.76	467.73	474.96	483.22	477.74	429.91	438.44	423.67	410.96	432.14	412.1	398.54	388.9	375.55	406.8	378.88	374.49	400.64	395.27	431.4	458.27	451.9	436.35	422.57	395.68	393.59	383.16	412.92	426.7	415.25	430.15	396.22	393.99	394.38	362.11	384.22	378.81	378.75	402.23	383.13
B1	gDNA	unkn	Exon 1	toi	SYBRGreen I	87.800	3009.54	3006.24	2989.7	2985.27	2947.59	2926.02	2907.67	2864.66	2875.9	2842.28	2826.09	2813.05	2775.7	2762.45	2730.53	2700.75	2661.89	2616.94	2594.09	2566.75	2534.89	2507.73	2457.07	2440.23	2405.59	2365.15	2332.91	2278.18	2248.79	2223.46	2203.01	2165.17	2137.03	2105.96	2071.15	2058.59	2022.36	2000.12	1983.84	1943.25	1923.07	1893.82	1853.41	1838.53	1803.34	1771.96	1733.45	1678.17	1658.04	1626.87	1616.7	1614.68	1580.99	1555.61	1529.07	1503.93	1486.11	1483.01	1458.53	1442.47	1426.91	1394.81	1406.7	1399.78	1387.84	1357.78	1272.47	1181.83	1065.11	935.51	798.02	664.25	552.76	477.28	432.05	406.89	396.71	395.08	383.36	388.9	400.76	394.27
B2	gDNA	unkn	Exon 1	toi	SYBRGreen I	88.200	3270.58	3253.53	3250.81	3243.39	3219.32	3190.6	3156.33	3122.99	3097.03	3066.27	3030.42	3017.46	2991.22	2958.65	2952.42	2913.41	2884.18	2880.07	2848.85	2809.94	2780.49	2746.46	2707.64	2698.93	2665.07	2620.96	2585.08	2534.3	2504.35	2483.6	2465.62	2443.55	2426.36	2384.45	2355.07	2321.36	2274.18	2253.1	2213.57	2190.88	2165.4	2153.8	2139.87	2116.03	2103.8	2065.15	2041.32	2031.78	2029.09	2067.16	2104.12	2128.66	2143.1	2106.48	2046.32	1985.5	1903.95	1847.59	1787.09	1732.89	1696.92	1641.27	1609.94	1570.96	1520.17	1487.02	1442.49	1373.74	1283.93	1156.69	986.94	807.55	646.58	522.94	452.46	417.54	407.04	399.65	390.99	396.17	397.42	397.85
B3	gDNA	unkn	Exon 2	toi	SYBRGreen I	79.000	2998.48	2998.47	2999.65	2979.3	2963.67	2941	2919	2895.99	2870.14	2849.94	2828	2823.59	2832.4	2807.71	2787.75	2775.94	2724.15	2706.93	2680.3	2653.21	2637.78	2622.09	2607.3	2577.77	2569.44	2556.64	2533.84	2523.54	2488.97	2462.95	2449.49	2418.58	2398.22	2363.86	2337.14	2321.94	2305.38	2297.69	2276.4	2256.05	2233.95	2196.88	2162.8	2112.24	2034.05	1908.15	1723.98	1481.17	1200.88	936.7	715.4	567.82	496.47	469.25	461.12	468.18	464.49	463.93	465.5	447.51	438.99	431.5	421.91	419.05	415.95	413.54	407.43	412.9	412.97	406.99	402.62	397.81	392.02	391.08	398.25	392.15	390.58	399.18	392.15	395.94	394.73	388.76
B4	gDNA	unkn	Exon 2	toi	SYBRGreen I	79.000	3308.71	3334.7	3326.92	3317.49	3308.13	3283.04	3264.45	3256.24	3232.8	3212.75	3196.36	3168.69	3145.25	3119.43	3099.93	3076.07	3062.42	3047.24	3042.27	3035.48	3018.98	2999.75	2948.11	2916.13	2897.79	2861.86	2852.1	2821.85	2783.78	2762.61	2724.59	2697.99	2665.75	2649.58	2641.04	2620.19	2606.67	2576.36	2547.61	2529.77	2498.14	2466.34	2409.74	2342.92	2248.62	2087.8	1893.23	1624.47	1323.82	1051.9	818.9	663.75	587.88	549.06	542.7	555.48	567.36	584.24	577.47	551.15	533.69	512.97	505.78	502.19	492.3	495.12	497.59	505.45	504.74	504.44	499.83	491.73	492.56	487.53	486	489.48	490.76	484.25	476.32	475.26	475.52	477.05
B5	gDNA	unkn	Exon 3	toi	SYBRGreen I	82.200	2696.71	2701.69	2694.83	2677.86	2679.58	2649.34	2630.16	2636.83	2609.44	2609.98	2603.12	2571.13	2560.18	2554.45	2543.29	2543	2521.12	2514.04	2493.52	2463.96	2453.95	2413.25	2392.21	2369.72	2342.4	2326.04	2311.91	2306.14	2298.89	2279.31	2254.01	2227.36	2186.48	2160.31	2141.92	2123.57	2111.5	2098.33	2084.25	2069.64	2059.59	2043.4	2021.35	2008.8	1982.04	1961.86	1940.19	1906.47	1877.62	1836.21	1783.38	1726.43	1650.64	1544.53	1385.44	1202.68	1004	817.99	688.22	581.4	519.18	486.98	477.57	476.79	484.47	492.35	493.11	491.95	487.32	477.09	473.63	474.92	477.48	482.43	482.23	470.91	470.62	467.72	464.25	478.54	474.35	480.92
B6	gDNA	unkn	Exon 3	toi	SYBRGreen I	81.800	3540.56	3580.01	3558.6	3558	3550.79	3523.01	3513.76	3485.25	3469.52	3431.1	3418.05	3409.54	3381.57	3383.69	3351.75	3308.76	3308.61	3289.56	3274.78	3262.35	3215.47	3159.62	3127.33	3093.75	3072.68	3059.76	3031.36	3011.22	2975.32	2926.19	2886.45	2834.64	2791.93	2777.44	2760.05	2747.82	2733.77	2704.2	2679.92	2660.81	2635.29	2613.38	2570.17	2529.41	2499.99	2474.92	2452.63	2430.68	2401.74	2359.28	2318.89	2245.6	2119.68	1954.79	1712.39	1441.72	1163.14	924.02	743.31	611.18	558.96	517.11	502.06	497.57	481.61	469.32	452.13	448.2	445.03	444.71	455.09	454.2	463.89	477.37	489.01	493.07	483.38	469.07	464.71	471.93	474.84	485.92
B7	gDNA	unkn	ZNF80	ref	SYBRGreen I	82.600	3450.61	3443.78	3459.97	3432.65	3425.92	3404.96	3382.35	3401.03	3384.83	3374.11	3340.54	3309.25	3294.34	3284.17	3300.23	3269	3262.84	3222.1	3186.84	3179.24	3128.15	3132.42	3097.35	3072.97	3065.8	3019.91	3005.44	2980.94	2958.66	2954.97	2924.76	2910.84	2879.15	2847.07	2823.15	2778.72	2752.62	2739.48	2711	2688.97	2667.29	2624.79	2597.77	2569.31	2527.7	2498.75	2459.89	2435.18	2410.37	2374.78	2331.33	2294.2	2251.81	2197.67	2095.67	1886.22	1578.9	1219.1	907.07	671.94	566.92	527.54	519.82	522.49	506.59	516.58	513.64	533.14	538.83	536.35	534.63	520.15	520.3	508.1	504.5	501.09	491.3	493.44	491.13	486.95	495.32	502.99
B8	gDNA	unkn	ZNF80	ref	SYBRGreen I	82.600	2988.42	3020.44	3037.17	3032.77	3048.47	3037.34	3004.07	3020.95	2998.02	2976.77	2977.12	2937.62	2918.94	2904.02	2896.77	2873.26	2867.2	2864.78	2833.89	2807.89	2783.77	2752.21	2742.87	2727.19	2706.62	2679.74	2645.47	2632.8	2608.14	2592.75	2572.25	2547.17	2524.99	2510.12	2490.2	2462.35	2437.66	2402.12	2376.5	2351.7	2330.33	2316.76	2299.25	2290.65	2284.5	2255.42	2221.76	2192.13	2152.72	2127.85	2107.85	2080.91	2039.48	1980.32	1884.47	1697.92	1438.98	1128.39	835.22	626.2	506	460.31	441.32	435.47	438.51	449.29	448.81	455.85	444.8	452.12	456.79	458.02	475.97	471.71	470.9	467.42	457.71	452.34	451.89	455.26	460.13	455.19
B9	gDNA	unkn	GPR15	ref	SYBRGreen I	82.600	2604.99	2646.52	2651.89	2635.05	2633.55	2624.61	2614.38	2610.43	2616.47	2588.78	2576.9	2567.55	2541.11	2516.9	2494.53	2478.96	2461.04	2458.3	2451.17	2407.58	2388.93	2361.95	2328.32	2332.6	2312.61	2292.26	2272.01	2248.53	2219.86	2194.66	2169.26	2138.21	2112.03	2082.62	2064.47	2053.14	2033.1	2029.29	2006.18	1978.94	1959.63	1932.95	1905.27	1879.79	1868.52	1841.04	1825.61	1799.25	1754.31	1746.55	1711.83	1690.73	1666.87	1597.77	1512.63	1371.58	1174.21	952.94	752.11	608.7	524.74	494.71	486.78	487.61	491.18	503.86	506.62	500.26	506.35	502.15	496.82	505.58	495.94	482.76	488.06	476.5	473.64	477.32	470.02	472.95	481.08	472.03
B10	gDNA	unkn	GPR15	ref	SYBRGreen I	82.600	2938.62	2913.66	2899.04	2884.3	2872.57	2860.13	2851.42	2862.42	2850.32	2826.26	2807.92	2785.92	2755.51	2734.55	2711.96	2683.42	2660.93	2651.99	2636.64	2615.18	2605.14	2583.84	2564.33	2546.35	2518.43	2498.73	2478.02	2439.22	2412.52	2385.83	2360.53	2354.62	2336.09	2315.99	2290.99	2253.53	2223.73	2197.35	2158.6	2134.8	2111.46	2079.03	2064.51	2032.5	2002.52	1974.19	1931.01	1914.72	1886.96	1855.55	1854.22	1828.3	1783.34	1736.17	1635.85	1459.27	1242.55	999.11	769.79	629.83	558.05	523.12	512.26	500.29	485.47	477.51	471.78	461.7	465.72	470.56	473.56	483.8	485.65	486.25	483.17	479.78	478.85	476.89	466.52	457.24	446.44	431.34
B11	NTC	ntc	Exon 2	toi	SYBRGreen I		602.76	593.07	568.63	547.19	532.3	507.96	519.2	529.7	536.18	540.75	529.49	544	521.62	510.49	494.55	487.96	481.61	492.96	505.52	482.29	486.97	478.19	475.15	484.69	483.14	489.43	492.41	484.57	494.71	500.16	494.26	493.97	491.85	478.75	476.61	484.42	481.57	489.53	485.21	484.8	484.65	490.29	504.62	496.58	488.19	475.09	458.28	452.43	454.4	452.26	465.35	473.45	485.84	500.93	495.51	503.62	497.45	497.95	499.29	496.15	493.01	479.92	483.63	481.58	483.78	489.41	481.35	479.2	470.89	470.37	473.84	460.61	466.29	460.1	448.86	456.56	456.98	460.55	468.62	462.29	450.64	441.09
B12	NTC	ntc	Exon 2	toi	SYBRGreen I	79.000	588.89	591.9	617.05	640.58	659.65	662.97	668.53	635.41	608.41	617.07	590.2	579.23	572.27	552.57	520.69	541.19	545.93	538.1	556.69	549.94	543.83	538.64	552.58	544.43	550.45	546.49	539.65	550.82	542.19	565.17	566.21	546.78	539.69	538.81	515.35	508.15	518.85	501.73	505.83	522.23	504.74	496.33	504.32	486.94	494.83	509.65	491.13	506.02	504.94	492.61	496.56	469.36	482.13	498.67	503.71	524.2	528.15	516.02	515.39	506.75	482.9	469.24	466.87	446.45	462.19	467.7	452.23	474.75	450.25	433.97	445.08	429.73	432.07	451.83	438.09	437.18	444.59	416.83	441.95	438.87	424.99	419.9
C1	1	unkn	Exon 1	toi	SYBRGreen I	87.800	3358.29	3388.04	3389.6	3383.57	3371.99	3341.19	3304.68	3275.63	3256.62	3248.96	3216.57	3183.44	3138.61	3094.13	3092.53	3082.83	3057.24	3045.35	3010.43	2964.87	2943.38	2888.36	2832.28	2797.85	2756.84	2709.12	2684.82	2646.34	2616.17	2600.52	2570.67	2526.13	2497.22	2461.06	2422.16	2399.71	2355.58	2322.52	2305.89	2277.15	2255.57	2234.67	2182.76	2142.94	2105.65	2060.48	2026.5	2001.33	1959.45	1926.32	1891.74	1859.11	1843.48	1819.93	1793.17	1763.76	1730.42	1692.4	1656.85	1645.86	1633	1620.4	1616.78	1599.97	1599.55	1573.86	1519.53	1432.08	1274.37	1103.89	922.13	728.96	579.43	478.65	430.76	416.13	418.87	412.93	401.63	406.39	402.17	401.44
C2	1	unkn	Exon 1	toi	SYBRGreen I	88.200	3500.13	3497.37	3493.65	3491.64	3474.03	3454.61	3419.69	3384.61	3351.2	3323.15	3311.5	3307.05	3288.79	3265.26	3242.44	3198.21	3162.47	3127.89	3078.67	3025.91	3011.36	2974.47	2942.46	2911.71	2864.24	2836.41	2813.11	2793.21	2766.85	2730.54	2699.88	2664.19	2629.39	2600.01	2551.81	2528.57	2495.64	2480.61	2473.12	2442.05	2432.96	2399.39	2386.71	2397.05	2410.41	2433.01	2423.5	2404.95	2354.55	2294.71	2262.21	2225.62	2191.87	2177.13	2118.48	2068.25	2020.67	1952.03	1919.01	1867.57	1817.78	1775.56	1737.46	1713	1668.62	1628.83	1575.89	1483.36	1392.46	1255.28	1075.68	888.73	714.11	574.49	489.58	448.07	429.83	429.08	431.52	436.79	430.47	428.54
C3	1	unkn	Exon 2	toi	SYBRGreen I	79.000	3095.74	3132.97	3117.38	3108.95	3107.83	3083.05	3072.51	3054.86	3024.39	3006.15	2974.76	2954.54	2932.42	2906.16	2883.67	2857.62	2851.39	2835.79	2830.84	2817.46	2786.78	2753.9	2729.76	2704.71	2679.83	2669.38	2642.15	2632.15	2631.1	2617.14	2611.08	2598.35	2577.61	2564.92	2543.3	2509.04	2481.22	2440.78	2399.07	2355.41	2311.97	2265.52	2221.54	2169.11	2066.46	1917.36	1707.61	1446.57	1168.02	910.25	707.51	563.85	491.62	463.58	447.14	451.11	451.01	438.42	441.67	426.09	411.5	412.41	420.03	422.52	425.52	424.64	397.3	403.47	409.34	407.79	414.4	408.93	403.89	406.32	409.58	406.05	404.65	404.63	406.68	404.92	410.29	415.45
C4	1	unkn	Exon 2	toi	SYBRGreen I	79.000	2909.14	2891.14	2839.53	2833.27	2810.71	2784.53	2784.72	2767.14	2764.45	2754.37	2766.33	2730.51	2677.62	2672.44	2640	2640.33	2635.45	2599.9	2579.22	2568.38	2552.98	2539.97	2521.39	2493.11	2477.03	2462.46	2443.7	2431.91	2412.84	2395.44	2376.33	2356.64	2340.96	2319.45	2297.29	2280.43	2263.16	2247.55	2242.89	2237.78	2232.47	2206.55	2157.62	2083.08	1969.36	1828.68	1639.47	1400.59	1137.79	882.41	679.82	540.61	465.2	438.01	422.06	422.76	433.25	436.54	436.6	441.73	439.24	426.97	426.18	415.98	404.24	406.13	408.82	415.96	423.83	419.38	415.87	412	408.73	419.2	423.64	429.65	423.87	421.98	420.34	416.08	421.84	412.18
C5	1	unkn	Exon 3	toi	SYBRGreen I	81.800	2905.04	2906.95	2893.99	2878.38	2856.18	2846.82	2833.83	2843.33	2843.02	2831.87	2826.31	2795.46	2756.07	2715.21	2687.74	2660.5	2668.7	2664.03	2630.49	2601.82	2563.89	2541.66	2533.31	2521.27	2514.44	2487.47	2459.52	2446.49	2418.73	2389.3	2373.06	2352.27	2337.74	2329.71	2308.99	2281.71	2249.55	2222.69	2184	2147.83	2108.08	2066.39	2051.13	2026.28	1997.14	1976.17	1956.95	1932.21	1909.61	1869.55	1807.71	1752.09	1654.6	1531.62	1355.36	1148.94	953.8	768.4	634.46	538.61	482.64	452.72	440.06	431.29	428.29	425.16	421.03	422.68	415	404.96	414.3	409.04	418.81	432.05	435.7	437.26	434.18	430.25	429.62	442.92	440.54	443.1
C6	1	unkn	Exon 3	toi	SYBRGreen I	82.200	2757.55	2766.09	2783.61	2794.24	2801.63	2812.43	2803.24	2780.37	2762.33	2734.08	2706.53	2682.58	2668.63	2654.66	2644.68	2627.69	2629.33	2629.02	2604.58	2593.32	2556.38	2512.08	2500.01	2496.91	2478.85	2450.67	2424.04	2401.78	2386.86	2384.54	2359.96	2325.6	2309.24	2286.72	2287.45	2269.84	2250.7	2236.38	2217	2198.32	2166.2	2135.92	2101.55	2074.16	2052.51	2023.26	2002.38	1978.4	1955.65	1937.32	1890.68	1836.96	1751.94	1626.81	1464.12	1256.82	1035.25	837.11	679.93	584.51	528.6	500.99	499.77	494.37	500.1	505.36	515.01	518.59	515.42	524.65	520.03	524.41	527.06	519.99	512.61	500.09	488.55	473.79	475.37	478.4	491.61	501.91
C7	1	unkn	ZNF80	ref	SYBRGreen I	82.600	2982.49	2979.32	2976.69	2980.35	2962.45	2961.31	2946.6	2930.09	2932.01	2909.78	2904.84	2877.43	2854.13	2831.44	2822.79	2811.78	2801.62	2784.74	2742.64	2728.04	2714.63	2709.83	2713.45	2698.12	2679	2665.98	2638.97	2614.06	2592.04	2561.75	2534.67	2523.23	2492.48	2464.99	2443.1	2411.77	2390.84	2365.36	2348.26	2322.73	2303.74	2287.76	2269.75	2254.59	2238.13	2216.68	2188.73	2176.08	2144.17	2122.27	2090.96	2058.85	2033.78	1990.61	1895.72	1717.81	1453.73	1145.27	875.88	680.89	584.05	548.12	544.15	537.2	535	534.4	530.81	527.51	522.69	519.76	512.1	518.75	524.13	532.36	538.66	535.4	531.05	520.63	520.09	513.37	508.12	500.87
C8	1	unkn	ZNF80	ref	SYBRGreen I	82.600	3439.57	3457.16	3447.79	3442.65	3425.35	3398.68	3379.32	3362.09	3363.26	3358.58	3350.97	3344.65	3319.33	3310.36	3291.66	3263	3253.71	3220.54	3182.79	3161.38	3132.95	3116.76	3108.56	3082.66	3058.36	3022.17	2991.71	2969.43	2931.36	2912.78	2884.49	2858.74	2834.44	2807.63	2784.21	2741.54	2721.09	2695.64	2687.22	2687.13	2668.13	2619.13	2595.2	2561.01	2538.07	2535.31	2490.95	2454.93	2424.55	2396.72	2381.09	2359.67	2318.88	2249.55	2131.8	1939.7	1642.3	1298.64	961.56	694.13	554.13	493.1	478.66	476.84	473.24	474.32	476.82	479.54	478.29	470.31	461.8	468.26	465.27	478.44	492.49	497.71	503.82	495.79	481.29	479.83	475.17	476.92
C9	1	unkn	GPR15	ref	SYBRGreen I	82.600	2945.89	2960.47	2953.36	2967.32	2974.26	2959.11	2944.63	2921.1	2900.43	2891.07	2884.18	2862.36	2852.02	2850.86	2825.5	2808.86	2787.49	2764.37	2756.28	2730.29	2704.71	2670.09	2646.24	2626.83	2617.33	2590.72	2567.69	2540.46	2491.64	2477.48	2462.34	2444.1	2424.73	2397.51	2370.35	2341.33	2325.69	2290.56	2271.97	2256.4	2228.28	2204.63	2168.01	2132.32	2101.74	2088.63	2060.22	2051.39	2033.37	1993.5	1959.11	1914.92	1883.75	1835.4	1749.44	1595.29	1346.71	1079.95	829.1	634.01	548.33	504.09	489.51	498.62	486.49	485.25	487.77	477.44	483.36	490.2	498.61	509.67	515.38	508.76	491.03	479.31	470.09	470.86	468.66	465.28	455.31	445.09
C10	1	unkn	GPR15	ref	SYBRGreen I	82.600	3417.69	3406.42	3400.58	3386.4	3360.59	3363.68	3340.87	3346.02	3339.72	3308.09	3297.71	3265.43	3247.61	3231.83	3210.59	3194.95	3171.11	3137.48	3121.11	3104.47	3083.79	3065.15	3045.39	2999.1	2965.17	2927.65	2889.55	2865.39	2845.23	2824.71	2795.48	2784.13	2749.21	2724.78	2707.3	2663.07	2631.36	2592.94	2548.78	2516.17	2490.58	2462.19	2417.53	2384.99	2340.97	2302.15	2266.84	2237.04	2215.11	2194.68	2180.42	2150.19	2114.64	2060.79	1950.63	1763.13	1488.81	1174.52	893.76	691.83	595.81	550.39	543.13	547.14	537.35	542.11	537.25	528.9	533.29	534.62	544.21	547.79	548.52	537.15	530.97	516.23	509.59	512.22	516.79	519.18	515.47	515.85
C11	NTC	ntc	Exon 3	toi	SYBRGreen I		463.09	462.41	459.3	453.87	445.08	439.87	447.67	459.64	471.29	469.68	465.03	453.15	437.11	433.63	418.64	426.09	422.68	411.88	416.49	398.66	401.36	404.61	399.64	413.88	418.13	419.29	409.87	397.68	399.09	401.92	412.89	412.11	409.33	410.81	410.23	408.26	399.26	396.18	405.17	404	412.13	414.07	408.87	405.64	398.81	407.34	408.38	412.46	421.15	411.81	407.64	410.57	413.9	415.92	423.19	430.87	427	438.55	436.59	438.86	451.83	441.66	434.85	432.28	427.2	445.3	468.99	490.92	495.33	493.95	483.79	465.09	455.35	447.42	441.87	431.25	427.92	418.55	415.3	420.19	414.34	413.97
C12	NTC	ntc	Exon 3	toi	SYBRGreen I		495.91	509.54	490.52	487.17	481.93	480.65	488.87	495.61	500.56	497.11	503.89	499.89	486.14	479.79	470.58	466.06	471.32	469.02	468.6	480.8	482.64	480.98	478.33	466.77	478.22	482.42	491.61	486.18	475.56	471.84	463.97	467.43	462.25	467.11	467.86	473.55	465.16	459.97	454.44	453.41	463.74	469.38	473.26	472.22	475.6	470.47	480.26	477.04	471.95	465.28	455.73	448.45	457.43	470.8	474.44	485.53	481.03	480.6	486.73	480.16	475.96	460.29	442.52	445.25	443.26	443.26	445.08	439.17	436.16	440.79	435.03	435.95	431.72	424.9	430.39	421.37	425.77	424.46	422.19	429.59	421.83	420.98
D1	1	unkn	Exon 1	toi	SYBRGreen I	88.200	1912.11	1888.24	1882.9	1880.08	1865.58	1853.72	1842.32	1837.88	1828.78	1826.3	1811.19	1779.23	1766.73	1752.07	1734.49	1729.08	1706.25	1691.27	1681.38	1666.25	1645.41	1621.67	1597.89	1575.77	1565.11	1544.86	1528.38	1512.06	1492.96	1478.7	1463.92	1444.48	1419.65	1401.76	1385.86	1368.02	1358	1340.99	1327.46	1314.57	1303.15	1293.94	1278.69	1279.41	1293.9	1318.8	1328.77	1314.44	1274.38	1225.18	1186.59	1150.97	1124.56	1095.69	1074.21	1059.92	1050.14	1032.69	1020.82	1002.82	984.61	971.85	947.15	928.54	906.47	885.32	868.75	843.45	800.31	736.36	647.67	549.14	457.75	390.94	355.7	337.19	335.12	341.04	342.87	357.08	359.17	356.32
D2	1	unkn	Exon 1	toi	SYBRGreen I	88.200	2813.31	2801.86	2805.12	2796.14	2790.24	2791.33	2774.54	2765.17	2740.39	2709.67	2692.86	2673.07	2667.67	2652.89	2617.71	2593.26	2557.32	2537.71	2529.34	2493.55	2469.19	2447.95	2426.23	2435.06	2434.11	2425.55	2432.56	2429.2	2440.16	2444.74	2425.5	2396.96	2347.83	2300.84	2262.66	2215.08	2167.36	2104.17	2053.35	2007.79	1963.13	1932.28	1893.38	1856.67	1832.42	1814.84	1788.71	1782.4	1769.85	1752.31	1744.43	1714.73	1678.19	1653.47	1627.08	1605.46	1593	1568.94	1536.57	1503.54	1480.65	1457.77	1441.26	1429.7	1401.19	1367.28	1326.01	1273.84	1212.13	1112.98	993.17	846.01	690.97	567.06	468.55	421.31	397.73	397.54	399.34	401.88	401.42	397.85
D3	1	unkn	Exon 2	toi	SYBRGreen I	79.000	3174.32	3166.66	3161.21	3162.47	3167.93	3167.79	3172.06	3161.3	3140.83	3116.15	3074.25	3050.9	3036.72	3023.96	3000.62	2985.85	2958.04	2936.06	2927.56	2907.94	2879.31	2847.13	2833.09	2796.9	2777.41	2773.93	2749.07	2733.66	2723.23	2713.38	2710.16	2715.11	2701	2678.68	2664.2	2629.7	2601.59	2570.08	2527.49	2499.66	2467.04	2416.36	2360.57	2280.19	2156.92	2006.29	1789.49	1514.01	1218.45	936.9	719.69	578.8	503.28	467.26	442.7	427.4	420.17	417.18	420.64	426.33	426.21	422.78	421.89	413.71	422.51	421.09	423.43	420.34	411.79	408.9	403.71	416.14	422.06	429.99	427.55	427.15	416.16	410.93	412.18	409.51	419.52	419.96
D4	1	unkn	Exon 2	toi	SYBRGreen I	79.000	3024.24	3020.06	3007.28	2982.86	2974.89	2965.87	2961.31	2961.46	2961.9	2951.06	2935.41	2923.84	2889.25	2867.98	2854.15	2827.06	2813.19	2780.77	2737.99	2731.66	2698.27	2693.16	2698.12	2680.32	2662.5	2638.68	2608.67	2589.94	2570.02	2549.44	2522.33	2500.69	2491.99	2465.52	2457.73	2435.45	2415.22	2404.86	2381.13	2359.42	2343.12	2313.84	2285.6	2239.82	2148.64	2019.48	1814.95	1550.72	1265.51	995.96	779.8	637.95	554.11	514.37	500.53	490.83	495.79	492.62	493.55	498.96	484.41	484.12	488.98	484.49	499.76	500.71	490.75	489.42	484.76	478.95	476.1	481.35	478.78	485.24	491.63	488.65	487.9	479.53	477.9	478.33	476.15	480.4
D5	1	unkn	Exon 3	toi	SYBRGreen I	82.200	4644	4652.28	4612.17	4598.97	4579.22	4563.38	4571.92	4578.67	4601.32	4615.05	4600.66	4563.52	4490.64	4419.08	4373.53	4320.09	4292.89	4272.93	4236.71	4191.33	4163.86	4101.15	4062.33	4061.41	4003.14	3973.71	3919.98	3893.07	3858.8	3817.81	3794.12	3726.04	3693.52	3646.18	3629.89	3613.25	3580.68	3563.5	3512.21	3468.97	3453.06	3401.8	3363.77	3351.22	3308.88	3278.85	3239.16	3190.95	3135.18	3077.38	3018.37	2922.67	2792.75	2614.63	2334.19	1991.02	1617.05	1266.92	974.39	765.09	656.14	599.15	595.17	589.03	582.17	585.23	586.38	580.08	590.47	582.61	577.03	583.59	589.83	587.48	597.74	610.09	619.82	640.87	648.52	652.57	638.16	625.6
D6	1	unkn	Exon 3	toi	SYBRGreen I	82.200	3034.54	3020.31	3012.91	3027.9	3012.98	3003.54	2998.77	2983.87	2954.37	2938.15	2914.83	2881.75	2880.76	2871.13	2853.43	2819.16	2781.28	2760.34	2735.03	2723.63	2725.28	2699.79	2698.88	2686.54	2677.97	2656.03	2631.9	2603.82	2563.78	2536.03	2501.04	2473.99	2454.74	2431.76	2409.92	2391.54	2361.29	2338.36	2302.01	2276.04	2259.07	2225.46	2209.81	2182.98	2149.72	2139.57	2106.98	2083.95	2057.02	2020.63	1979.21	1927.63	1847.64	1731.18	1574.34	1368.47	1141.05	923.55	757.44	637.77	579.43	552.73	530.52	524.15	516.03	511.69	513.71	518.58	524.21	523.05	517.4	501.39	488.31	485.08	484.67	486.83	489.66	482.6	488.06	492.98	491.77	495.41
D7	1	unkn	ZNF80	ref	SYBRGreen I	82.600	3246.02	3234.77	3216.37	3208.62	3186.04	3160.17	3157.09	3132.69	3116.7	3111.61	3107.26	3098.64	3082.04	3085.81	3049.37	3035.12	3028.31	3013.3	3008.64	2997.51	2981.44	2945.97	2917.86	2900.74	2866.99	2825.41	2801.02	2754.6	2734.24	2711.92	2680.59	2674.43	2655.43	2638.19	2634.14	2606.22	2579.43	2570.41	2546.21	2521.14	2493.56	2468.45	2437.17	2409.22	2383.82	2341.03	2302.86	2283.34	2260.26	2232.5	2220.6	2188.8	2160.76	2127.68	2026.58	1876.11	1620.01	1300.6	996.32	744.94	590.49	525.65	496.9	478.06	481.43	489.78	492.62	499.94	510.77	505.16	517.54	520.67	525.42	522.35	516.03	519.34	514.14	516	512.1	508.69	506.74	500.92
D8	1	unkn	ZNF80	ref	SYBRGreen I	82.600	5568.23	5565.47	5527.21	5519.9	5481.78	5448.02	5431.14	5410.39	5348.75	5305.88	5260.4	5230.23	5218.86	5222.64	5207.26	5182.89	5163.55	5109.16	5072.99	4999.91	4982.23	4965.17	4923.13	4902.13	4848.14	4796.95	4764.04	4740.53	4690.76	4648.41	4597.56	4540.65	4515.58	4479.42	4445.89	4402.43	4328.64	4260.41	4191.47	4139.61	4102.64	4060.85	4052.06	4007.6	3967.83	3920.61	3858.29	3819.73	3795.07	3788.27	3756.1	3720.2	3663.29	3575.37	3423.08	3139.9	2722.73	2159.73	1597.54	1125.68	829.83	687.33	644.24	639.28	631.72	622.82	643.15	661.45	658.85	661.04	629.63	612.75	611.46	601.25	605.11	610.14	609.8	605.79	600.16	588.38	571.75	585.53
D9	1	unkn	GPR15	ref	SYBRGreen I	83.000	2925.4	2914.85	2887.68	2884.69	2876.32	2853.55	2859.8	2864.42	2835.65	2825.48	2801.9	2762.79	2756.88	2747.17	2715.11	2703.94	2665.63	2649.36	2655.54	2625.5	2627.13	2602.55	2562.52	2558.8	2535.34	2512.45	2494.03	2458.61	2419.38	2397.63	2375.65	2335.7	2325.34	2297.22	2273.87	2268.96	2242.95	2218.61	2198.51	2174.48	2139.58	2098.94	2064	2035.97	2008.66	1997.83	1987.59	1967.93	1957.01	1931.66	1900.07	1874.63	1846.37	1816.76	1763.39	1646.79	1469.14	1226.18	963.86	750.41	609.28	542.75	526.43	531.84	522.85	520.12	507.11	501.9	498.14	502.59	507.67	493.85	494.05	491.36	488.07	494.65	497.81	481.28	475.64	469.24	469.71	473.04
D10	1	unkn	GPR15	ref	SYBRGreen I	83.000	3043.44	3054.09	3076.41	3075.23	3072.54	3051.85	3028.63	3006.14	2990.33	2979.18	2958.73	2945.09	2922.31	2904.91	2876.9	2841.85	2828.91	2809.5	2789.16	2760.44	2726.53	2691	2659.91	2650.24	2630.09	2610.45	2586.77	2557.81	2536.14	2514.05	2486.6	2469.12	2431.77	2410.46	2402.23	2364.12	2345.93	2317.12	2284.61	2274.29	2259.47	2246.37	2224.38	2193.99	2175.98	2141.29	2125.64	2105.14	2064.4	2036.44	1994.73	1969.6	1944.33	1903.12	1846.32	1720.95	1520.91	1259.24	986.25	761.12	613.78	547.95	521.18	510.6	503.2	507.03	501.53	501.55	502.18	505.16	507.08	506.56	503.24	496.23	489.46	482.3	482.04	473.48	471.53	466.8	466.16	463.97
D11	NTC	ntc	ZNF80	ref	SYBRGreen I		1571.21	1617.15	1613.21	1608.67	1593.72	1555.3	1526.88	1497.64	1470.92	1447.5	1425.14	1394.8	1364.92	1346.28	1330.46	1307.81	1317.24	1305.81	1286.8	1279.16	1246.33	1224.65	1200.44	1191.25	1184.61	1174.38	1158.3	1128.21	1107.17	1086.34	1070.44	1053.79	1036.66	1018.63	1006.29	1005.7	978.86	961.4	941.98	915.3	916.78	901.18	886.47	860.41	839.86	827.8	811.2	805.52	787.94	760.27	716.75	659.06	598.44	529.59	492.45	479.89	478.53	495.53	519.93	554.1	590.74	641.38	694.59	712.55	708.59	681.58	622.47	583.45	561.08	533.88	511.49	492.55	466.69	442.32	430.59	419.58	407.95	409.44	410.46	398.17	392.09	400.55
D12	NTC	ntc	ZNF80	ref	SYBRGreen I		2194.63	2221.69	2213.68	2202.81	2189.34	2165.28	2149.39	2127.2	2110.75	2093.24	2058.27	2042.62	2016.87	1981.12	1983.28	1958.72	1946.37	1929.96	1891.93	1875.16	1853.66	1829.67	1807.55	1763.36	1735.68	1703.76	1684.92	1688.1	1653.18	1651.54	1638.15	1621.39	1630.21	1605.84	1592.1	1570.25	1540.48	1514.76	1472.02	1447.18	1434.98	1418.76	1397.77	1353.96	1300.14	1245.6	1194.99	1141.83	1049.08	947.36	825.09	708.15	632.88	562.59	531.09	517.48	498.93	502.95	502.98	480.63	474.22	466.54	456.24	464	470.28	469.78	464.13	456.08	457.04	461.7	464	472.63	471.97	468.92	474.75	476.66	479.03	487.07	481.79	476.64	459.28	449.24
E1	2	unkn	Exon 1	toi	SYBRGreen I	88.200	2197.32	2208.55	2204.73	2199.79	2187.69	2171.48	2167.31	2149.08	2136.43	2116.92	2093.43	2075.21	2053.11	2031.66	2012.79	1993.17	1999.06	1979.93	1956.94	1940.87	1902.93	1897.13	1883.3	1865.41	1844.5	1816.08	1787.29	1760.01	1740.04	1725.85	1717.82	1706.38	1692.03	1692.71	1702.03	1719.28	1736.29	1735.51	1711.17	1682.94	1639.96	1591.41	1548.03	1502.01	1469.17	1429.18	1397.45	1365.13	1339.7	1320.97	1296.67	1280.1	1259	1243.58	1232.09	1217.65	1190.24	1166.02	1144.36	1122.07	1109.4	1094.3	1073.12	1046.42	1028.14	1005.89	990.4	958.57	913.43	842.07	744.91	647.21	543.42	473.14	425.35	406.7	403.88	402.93	400.52	407.74	411.33	414.13
E2	2	unkn	Exon 1	toi	SYBRGreen I	88.200	2891.1	2871.82	2859.91	2857.79	2836.98	2823.91	2799.42	2770.8	2760.08	2737.8	2721.67	2712.2	2686.28	2666.54	2660.19	2636.29	2599.35	2564.96	2530.21	2496.85	2487.18	2472.92	2440.34	2419.39	2386.05	2367.16	2349.72	2339.17	2340.82	2332.79	2329.74	2311.54	2282.33	2252.55	2218.73	2190.84	2161.68	2134.03	2102.73	2061.66	2025.53	1984	1956.14	1920.68	1900.48	1870.94	1841.25	1824.19	1791.04	1767.89	1737.19	1703.26	1679.08	1648.24	1632.07	1616.39	1588.17	1573.08	1538.55	1509.51	1487.06	1454.75	1432.84	1403.57	1382.76	1353.88	1327.08	1286.42	1218.64	1125.5	982.28	841.35	678.61	552.1	471.49	409.03	397.04	390.28	384.24	385.37	378.5	370.62
E3	2	unkn	Exon 2	toi	SYBRGreen I	79.000	2950.96	2957.89	2953.04	2982.28	2978.06	2970.82	2964.49	2913.6	2907.12	2888.04	2881.81	2878.89	2859.54	2839.89	2835.23	2816.61	2789.55	2781.14	2742.4	2719.44	2706.86	2679.66	2657.95	2640.46	2612.02	2589.25	2564.64	2543.1	2534.16	2513.81	2496.59	2474.95	2451.85	2429.78	2409.09	2397.8	2371.78	2377.11	2375.57	2356.42	2347.39	2293.91	2224.25	2145.56	2042.91	1891.54	1691.51	1435.55	1151.15	897.7	693.18	555.12	462.52	420.83	408.66	395.7	395.51	388.37	373.23	374.43	383.53	380.41	384.1	380.19	372.33	378.65	377.7	375.66	376.73	382.91	383.14	391.63	394.83	393.26	391.04	380.02	378.69	373.3	376.43	385.38	383.88	379.65
E4	2	unkn	Exon 2	toi	SYBRGreen I	79.000	3473.83	3521.52	3529.22	3505.61	3527.43	3480.44	3457.07	3447.36	3384.51	3380.14	3345.96	3319.94	3319.99	3315.89	3316.17	3299.09	3273.1	3220.83	3180.54	3163.92	3139.88	3134.7	3113.21	3098.03	3077.01	3050.18	3035.86	3005.24	2977.9	2953.48	2925.95	2904.2	2892.15	2874.72	2857.01	2852.21	2839.12	2812.9	2787.86	2742.07	2690.47	2636.09	2566.33	2473.47	2351.76	2182.58	1924.73	1624.08	1274.22	944.22	704.02	522.79	433.84	402.33	388.58	393.48	399.05	398.83	393.16	400.16	401.8	405.21	415.82	407.19	412.53	408.24	409.16	406.69	395.69	403.35	387.03	397.1	406.78	408.93	414.77	405.52	402.92	394.62	391.39	391.51	384.72	383.57
E5	2	unkn	Exon 3	toi	SYBRGreen I	82.200	4216.18	4167.58	4156.1	4134.41	4128.87	4123.07	4104.36	4081.92	4042.85	4009.28	3998.46	3972.52	3947.41	3926.83	3873.7	3879.9	3832.26	3794.48	3762.89	3697.79	3671.5	3636.99	3619.61	3607.76	3563.66	3549.06	3511.64	3488.05	3477.73	3454.65	3429.89	3382.31	3358.55	3308.76	3277.09	3245.38	3194.96	3151.24	3097.77	3055.9	3013.89	2971.61	2944.68	2912.37	2890.22	2863.57	2815.54	2767	2709.7	2658.8	2619.82	2532.5	2401.11	2225.9	1962.01	1669.17	1361.95	1059.39	809.64	648.32	554.65	518	512.31	496.29	476.2	470.02	469.64	475.4	495.06	488.66	497.13	499.33	491.48	480.93	479.6	478.35	476.22	489.03	480.17	491.65	502.11	508.16
E6	2	unkn	Exon 3	toi	SYBRGreen I	82.200	3817.4	3788.24	3789.85	3788.82	3797	3813.35	3782.19	3795.58	3756.39	3724.36	3722.27	3660.05	3639.27	3614.37	3581.04	3565.68	3513.01	3469.48	3437.47	3399.04	3387.9	3364.14	3350	3337.97	3297.55	3256.07	3219.2	3176.07	3165.51	3151.85	3123.24	3104.78	3054.87	3030.51	2981.66	2929.72	2902.22	2845.09	2836.07	2792.54	2766.5	2747.46	2694.02	2664.01	2636.98	2602.19	2569.56	2550.89	2507.72	2465.81	2425.54	2358.27	2244.8	2101.15	1874.69	1613.91	1338.95	1064.21	858.62	693.04	607.39	560.49	536.09	539.07	537.96	533.82	539.25	523.52	525.89	529.03	536.98	555.82	544.73	539.94	529.45	520.55	521.1	508.73	511.36	509.14	504.94	507.77
E7	2	unkn	ZNF80	ref	SYBRGreen I	82.600	3614.93	3551.46	3550.27	3545.5	3512.38	3490.46	3464.63	3448.24	3432.13	3438.48	3431.42	3409.22	3402	3370.1	3336.78	3335.06	3298.29	3293.94	3257.77	3206.29	3186.58	3152.67	3144.6	3147.16	3128.66	3103.47	3083.17	3041.73	3012.86	2994.13	2966.26	2940.16	2916.34	2883.8	2860.85	2834.02	2806.58	2784.56	2763.49	2731.03	2689.72	2657.49	2624.45	2600.18	2592.01	2569.93	2541.5	2521.16	2487.48	2463.79	2433.53	2399.53	2369.1	2308.8	2223.31	2077.71	1807.49	1475.16	1132.26	837.23	661.18	575.68	545.19	528.32	527.33	533.6	539.19	547.27	548.04	556.36	546.49	544.39	550.56	534.99	535.89	529.86	527.52	530.85	532.44	528.78	517.91	514.79
E8	2	unkn	ZNF80	ref	SYBRGreen I	83.000	4303.57	4282.04	4263.08	4260.21	4215.09	4189.17	4173.52	4148.38	4165.93	4149.61	4139.9	4102.52	4042.13	4034.36	3959.44	3934.1	3906.28	3884.32	3908.73	3874.36	3870.49	3823.38	3778.88	3763.82	3720.11	3690	3655.62	3619.48	3582.4	3543.51	3516.32	3467.78	3435.39	3403.43	3348.11	3331.53	3294.45	3258.4	3231.26	3195.91	3175.97	3136.41	3112.88	3079.42	3029.14	3005.68	2964.35	2944.05	2925.97	2904.55	2889.06	2855.11	2811.83	2740.36	2641.21	2468.2	2185.35	1804.42	1370.95	995.3	743.3	607.53	568.93	557.45	557.21	560.65	565.41	574.27	578.89	583.24	584.02	575.01	576.29	558.16	557.6	548.31	534.3	536.23	518.71	518.07	509.41	514.14
E9	2	unkn	GPR15	ref	SYBRGreen I	83.000	5516.33	5498.76	5462.22	5417.06	5370.61	5316.66	5277.44	5282.13	5255.32	5259.15	5266.54	5220.13	5154.64	5091.63	5025	4998.65	4995.24	4986.2	4982.79	4925.6	4876.02	4836.97	4760.17	4716.92	4691.44	4636.7	4617.59	4592.37	4542.45	4507.98	4455.77	4403.16	4365.83	4304.01	4247.4	4215.75	4170.47	4113.27	4068.68	4046.76	3991.99	3968.31	3929.97	3852.99	3812.71	3786.47	3759.74	3720.55	3657.32	3604.18	3558.59	3528.02	3508.01	3434.39	3319.1	3080.62	2699.14	2208.97	1653.82	1190.3	879.68	698.73	632.4	596.1	590.04	583.48	593.44	614.18	601.31	628.02	610.71	614.1	614.38	583.6	593.47	576.5	582.86	593.78	604	602.5	601.7	587.04
E10	2	unkn	GPR15	ref	SYBRGreen I	83.000	3233.4	3248.06	3243.54	3241.47	3238.34	3204.19	3180.83	3165.64	3138.93	3142.8	3139.76	3098.86	3077.05	3029.8	2996.91	2977.65	2972.3	2957.88	2926.45	2905.64	2856.14	2833.85	2812.94	2791.28	2781.43	2761.68	2729.29	2698.23	2666.78	2629.84	2608.9	2585.72	2569.14	2552.08	2534.25	2509.43	2485.36	2470.06	2444.45	2436.59	2419.79	2390.99	2366.78	2320.82	2272.52	2242.22	2197.78	2178.65	2148.22	2126.21	2110.26	2085.65	2053.24	2002.85	1932.95	1801.18	1605.13	1341.57	1051.69	814.74	655.94	568.75	538.15	516.16	505.28	504.67	505.07	512.73	512.6	504.39	502.4	497.39	494.01	505.01	506.82	518.03	520.36	503.2	497.99	475.18	469.62	468.64
E11	NTC	ntc	GPR15	ref	SYBRGreen I		509.07	503.63	506.49	509.21	500.46	500.53	491.47	475.27	490.37	489.45	472.62	473.76	455.07	433.69	440.83	429.51	435.56	442.56	436.71	437.62	426.12	433.69	454.18	463.73	472.81	462.65	452.36	450.17	449.6	459.74	464.98	468.18	467.69	471.8	480.51	486.95	510.9	520.26	528.69	556.74	571.73	602.89	650.68	687.98	728.38	778.3	795.32	790.84	758.18	688.78	627.12	564.73	518.65	499.75	472.9	466.65	462.92	458.42	457.18	467.1	475.27	464.4	468.86	451.48	434.28	432.57	422.31	418.5	427.49	435.98	436.81	441.18	439.89	425.21	427.08	432.16	421.49	434.68	435.2	427.07	430.99	412.79
E12	NTC	ntc	GPR15	ref	SYBRGreen I	82.200	522.8	507.09	526.41	531.08	539.85	540.76	525.32	511.76	490.49	496.35	493.58	489.19	490.66	469.84	463.69	471.02	469.21	483.39	479.54	463.23	461.84	457.92	466.01	463.84	464.9	470.95	473.95	484.79	484.97	482.25	474.15	480.98	484.71	486.34	493.49	488.64	492.13	487.41	485.07	491.97	487.74	487.65	495.02	497.69	508.63	511.46	513.56	505.97	498.06	506.98	521.64	535	539.23	526.77	497.7	475.87	461.56	456.53	453.4	455.58	446.78	450.55	449.51	445.24	446.31	444.78	445.18	445.49	445.55	438.58	438.09	429.56	427.13	426.38	421.6	416.81	422.1	419.08	411.04	418.94	419.46	417.54
F1	2	unkn	Exon 1	toi	SYBRGreen I	87.800	2991.85	3002.3	3019.32	3013.88	2999.75	2962.15	2907.51	2886.33	2869.49	2848.57	2846.05	2808.81	2763.52	2741.91	2689.6	2668.02	2658.78	2633.1	2636.92	2618.94	2594.49	2576.07	2557.22	2513.64	2489.62	2461.22	2410.41	2371.22	2324.45	2286.26	2258.56	2242.42	2217.05	2200.98	2170.34	2131.72	2114.38	2079.35	2045.37	2016.84	1977.16	1949.51	1909.05	1871.45	1832.88	1793.84	1772.07	1757.45	1730.88	1691.84	1664.95	1631.6	1608.58	1580.69	1540.74	1511.92	1483.07	1461.41	1439.45	1418.95	1385.4	1351.47	1332.47	1301.62	1276.68	1253.93	1215.55	1155.93	1072.7	963.02	829.27	684.75	563.12	463.7	397.16	369.92	359.16	361.79	372.71	384.53	389.55	396.09
F2	2	unkn	Exon 1	toi	SYBRGreen I	88.200	1818.13	1804.9	1799.73	1803.52	1789.18	1784.95	1777.87	1759.51	1755.66	1745.11	1727.53	1710.44	1700.31	1683.04	1675.73	1672.24	1660.98	1656.37	1639.42	1627.54	1599.17	1574.1	1563.96	1537.89	1529.56	1514.22	1492.64	1476.66	1450.91	1433.12	1414.49	1394.77	1383.99	1368.7	1356.44	1353.83	1342.33	1337.91	1332.21	1311.1	1292.83	1268.47	1240.52	1223.28	1213.21	1196.42	1184.94	1175.87	1167.73	1161.52	1155.03	1143	1121.12	1106.6	1089.98	1078.96	1067.39	1051.27	1040.85	1021.92	1009.41	995.25	979.36	963.56	952.13	932.87	907.89	884.49	834.52	781.99	705.28	619.55	539.04	472.64	434.99	416.57	408.42	407.02	404.51	398.83	403.49	397.9
F3	2	unkn	Exon 2	toi	SYBRGreen I	79.000	2890.12	2857.01	2856.65	2851.43	2851.37	2845.07	2839.26	2834.04	2804.68	2804.43	2785.92	2764.84	2759.69	2736.57	2716.57	2696.81	2669.57	2651.66	2644.26	2628.91	2621.81	2602.62	2569.52	2543.31	2514.54	2493.05	2490.15	2478.83	2455.45	2437.84	2402.85	2385.97	2364.2	2337.7	2305.03	2263.42	2235.28	2208.54	2178.03	2165.77	2134	2090.64	2053.93	1983.05	1891.34	1749.01	1556.07	1315.22	1055.1	826.82	643.88	531.3	470.39	439.69	430.06	411.57	406.59	412.39	404.6	415.4	421.01	413.1	419.03	418.14	416.04	415.39	419.84	419.69	416.55	417.85	414.64	415.07	420.67	431.2	427.69	419.83	419.79	409.1	413.75	425.77	427.51	428.06
F4	2	unkn	Exon 2	toi	SYBRGreen I	78.600	2914.02	2915.31	2910.66	2902.71	2891.64	2851.62	2846.82	2822.67	2801.04	2814.12	2774.15	2750.75	2732.79	2703.19	2685.56	2675.31	2662.78	2645.04	2642.81	2630.74	2593.72	2564.74	2526.65	2499.01	2480.39	2450.1	2431.91	2405.23	2387.11	2376.88	2354.37	2331.73	2312.51	2301.19	2287.05	2271.35	2252.97	2218.41	2183.24	2171.5	2143	2117.79	2078	1999.7	1884.48	1718.62	1514.4	1259.34	1021.1	807.42	639.66	547.42	484.68	464.32	457.44	456.63	469.5	474.83	485.93	497.2	501.83	500.34	497.13	485.37	482.3	484.9	483.9	483.73	475.38	481.93	487.5	491.02	499.31	488.2	481.17	478.74	470.93	468.99	465.62	458.98	464.67	463.46
F5	2	unkn	Exon 3	toi	SYBRGreen I	81.800	2700.51	2733.45	2729.44	2730.89	2721.38	2707.32	2698.06	2686.67	2680.39	2646.42	2629.09	2598.8	2574.89	2569.45	2549.99	2536.28	2528.49	2517.35	2507.45	2503.42	2479.98	2447.21	2408.36	2379.18	2351.07	2322.38	2294.21	2253.67	2224.54	2204.88	2187.53	2166.04	2150.13	2134.9	2108.82	2091.68	2067.22	2038.03	2018.04	1995.44	1973.93	1951.83	1937.05	1920.23	1899.86	1886.95	1864.33	1843.83	1827.16	1791.99	1740.89	1685.6	1584.84	1449.75	1282.53	1086.11	915.09	773.39	680.94	617.15	583.79	571.71	562.06	559.23	556.55	553.64	559.03	558.58	559.02	560.23	559.22	566.52	567.8	558.98	556.48	550.15	544.16	550.47	546.2	544.19	554.45	561.24
F6	2	unkn	Exon 3	toi	SYBRGreen I	81.800	3194.23	3165.51	3194.8	3193.5	3177.9	3176.88	3145.78	3112.89	3106.14	3098.33	3077.8	3080.35	3066.84	3036.83	3003.57	2970.16	2936.55	2914.98	2913.95	2897.06	2874.89	2854.26	2823.96	2793.99	2763.11	2730.75	2702.76	2669.74	2635.88	2605.57	2579.85	2556.29	2532.39	2511.48	2478.82	2445.33	2422.22	2387.24	2367.05	2344.33	2312.99	2282.25	2246.55	2218.61	2202.28	2183.82	2149.86	2117.52	2080.6	2062.19	2031.2	1972.24	1878.4	1725.18	1528.46	1305.14	1075.64	865.33	710.16	609.99	554.99	533.61	526.12	526.63	529.05	520.72	519.61	515.09	506.29	516.38	521.98	528.74	528.54	516.91	505.23	505.75	507.33	508.98	508.91	501.45	502.96	502.82
F7	2	unkn	ZNF80	ref	SYBRGreen I	82.600	3267.81	3275.13	3263.34	3265.66	3261.37	3239.53	3213.22	3189.33	3164.45	3157.36	3153.32	3136.22	3129.41	3106.29	3097.67	3077.23	3054.7	3032.55	2990.04	2967.21	2933.93	2923.54	2917.05	2894.73	2883.25	2854.02	2827.29	2797.63	2763.52	2724.68	2701.01	2675.96	2649.23	2622.31	2581.62	2551.97	2529.38	2514.58	2488.62	2464.08	2428.64	2391.38	2349.44	2326.88	2303.14	2266.05	2257.44	2230.97	2217.27	2201.41	2173.43	2146.08	2090.67	2044.69	1959.09	1804.03	1569.98	1261.91	985.34	758.86	631.61	581.19	563.04	550.63	543.87	547.15	538.37	536.77	539.67	543.23	534.05	527.99	521.17	512.91	512.44	521.39	520.28	523.39	530.29	523.71	519.21	512.34
F8	2	unkn	ZNF80	ref	SYBRGreen I	83.000	3732.63	3735.7	3734.32	3735.86	3736.51	3739.87	3746.59	3742.12	3735.46	3710.28	3687.16	3641.32	3610.97	3600.75	3565.33	3577.16	3561.26	3532.25	3523.25	3488.56	3465.74	3431.45	3391.54	3357.64	3317.45	3295.12	3273.51	3250.99	3232.28	3212.21	3191.11	3162.01	3124.62	3080.3	3040.67	2999.93	2973.68	2952.41	2915.42	2894.07	2865.76	2842.99	2813.93	2782.99	2754.35	2716.48	2693.82	2659.55	2628.96	2591.35	2567.09	2534.6	2486.58	2444.94	2351.8	2206.41	1965.62	1619.38	1242.72	916.95	703.61	601.09	579.46	577.05	575.2	577.11	579.18	569.73	561.74	550.21	538.56	534.01	530.56	529.78	524.32	526.53	525.28	524.94	529.07	517.06	521.88	512.44
F9	2	unkn	GPR15	ref	SYBRGreen I	83.000	3282.72	3302.84	3322	3301.93	3317.15	3308.93	3286.56	3289.19	3248.08	3253.47	3243.87	3229.3	3225.05	3176.07	3137.59	3099.24	3095.58	3092.22	3087.93	3064.39	3023.96	2988.81	2959.48	2948	2941.05	2929.72	2914.89	2882.86	2844.99	2815.19	2791.49	2780.98	2740.55	2702.86	2642.08	2575.46	2539.77	2483.22	2465.5	2438.39	2400.18	2375.75	2328.52	2310.59	2295.55	2272.32	2252.04	2218.36	2183.46	2155.57	2140.78	2125.53	2086.42	2041.81	1958.4	1828.73	1635.17	1378.07	1094.21	853.65	700.93	610.23	576.16	566.14	548.31	544.96	539.11	537.07	537.06	543.9	550.57	553.96	545.68	540.78	539.5	512.47	516.96	509.86	506.93	522.96	525.1	518.95
F10	2	unkn	GPR15	ref	SYBRGreen I	83.000	2873.91	2874.96	2880.6	2878.9	2869.8	2859.75	2841.97	2834.5	2802.28	2791.26	2784.02	2763.96	2754.51	2723.44	2683.78	2665.69	2646.04	2634.37	2628.57	2609.24	2583.14	2553.52	2528.4	2497.5	2492.35	2476.3	2442.69	2411.36	2392.17	2371.64	2356.6	2340.35	2308.72	2283.15	2272.17	2252.73	2250.92	2233.29	2219.33	2214.21	2197.87	2200.38	2181.06	2152.69	2131.55	2086.97	2064.51	2040.84	2006.98	1992.98	1972.27	1956.44	1927.49	1885.76	1808.82	1683.63	1515.53	1290.29	1051.72	851.1	710.96	635.36	602.59	584.48	565.86	563.65	563.33	574.2	581.29	585.41	587.55	582.33	581.72	571.22	565.44	557.8	556.91	555.38	556.57	559.99	559.64	559.11
G1	SJ-NB-6	unkn	Exon 1	toi	SYBRGreen I	87.800	3269.26	3226.18	3197.26	3190.18	3152.91	3117.52	3083.99	3054.14	3023.69	3005.27	2996.07	2947.04	2920.04	2887.24	2846.96	2828.16	2792.09	2749.34	2735.99	2688.76	2655.37	2634.02	2582.27	2575.01	2557.39	2558.95	2578.43	2609.45	2629.4	2621.22	2571.19	2475.14	2384.16	2292.62	2225.17	2189.56	2143.25	2111.01	2067.5	2022.75	1992.37	1942.29	1912.48	1875.4	1825.65	1796.51	1760.34	1733.02	1714.14	1684.23	1648.23	1613.95	1575.34	1544.99	1517.77	1482.74	1460.1	1426.44	1400.71	1363.51	1316.79	1298.88	1259.79	1241	1221.56	1180.62	1144.95	1073.46	979.55	855.71	705.91	580.7	467.79	394.73	371.42	341.01	340.45	338.18	327.15	333.1	322.75	332.58
G2	SJ-NB-6	unkn	Exon 1	toi	SYBRGreen I	87.800	2645.73	2713.27	2731.66	2712.29	2730.51	2700.5	2684.2	2671.55	2635.72	2610.2	2581.7	2562.95	2563.13	2532.42	2500.67	2480.94	2456.44	2443.59	2412.32	2372.1	2319.14	2283.97	2245.3	2194.98	2165.4	2129.81	2098.97	2083.78	2050.18	2011.51	1990.35	1978.09	1953	1936.27	1913.06	1874.51	1842.91	1816.14	1777.22	1747.69	1729.69	1697.85	1674.2	1641.84	1596.76	1587.03	1573.18	1571.71	1576.43	1560.47	1538.41	1510.61	1491.35	1457.73	1441.6	1428.76	1400.64	1378.7	1347.26	1322.33	1297.42	1274.5	1254.39	1216.64	1194.09	1168.72	1134.05	1089.55	1016.19	918.85	794.06	671.97	558.66	484.38	447.81	425.97	410.45	405.06	406.5	416.95	427.64	431.02
G3	SJ-NB-6	unkn	Exon 2	toi	SYBRGreen I	78.600	2847.77	2860.63	2865.26	2859.11	2856.42	2847.34	2827.2	2826.27	2818.75	2796.59	2787.76	2755.25	2732.02	2706.45	2672.53	2656.69	2631.94	2599.67	2576.98	2559.25	2530.09	2531.85	2514.55	2482.91	2461.8	2427.18	2408.46	2384.59	2367.11	2345.89	2325.09	2308.16	2280.54	2267.12	2240.74	2219.36	2197.77	2180.08	2165.61	2138.61	2112.51	2071.93	2012.33	1942.7	1824.58	1655.95	1444.17	1195.71	954.94	756.81	617.45	533.58	504.37	482.42	477.38	475.9	469.6	473.98	474.51	468.29	466.73	465.12	457.49	461.29	458.86	451.9	453.3	452.71	450.51	451.81	445.39	438.58	437.77	435.23	431.87	430.1	429.07	426.57	425.52	426.27	429.53	436.62
G4	SJ-NB-6	unkn	Exon 2	toi	SYBRGreen I	78.600	2615.87	2626.21	2620.55	2601.47	2591.71	2577.71	2561.26	2559.77	2558.39	2527.88	2518.2	2494.57	2475.34	2477.81	2451.25	2429.11	2405.9	2370.9	2355.5	2349.89	2314.47	2295.54	2278.95	2256.25	2238.36	2221.92	2194.39	2170.47	2155.16	2132.11	2109.52	2080.78	2041.6	2015.44	1985.34	1949.05	1925.38	1893.27	1862.44	1849.45	1824.47	1788.96	1740.77	1671.33	1563.34	1395.98	1198.93	973.16	775.43	631.82	533.23	483.33	455.06	443.62	437.82	433.64	431.76	431.23	429.5	429.1	428.67	435.94	443.68	443.67	444.3	443.19	435.08	434.71	435.82	433.63	433.88	436.83	433.15	430.93	439.46	436.51	436.75	433.15	425.9	427.01	431.17	430.7
G5	SJ-NB-6	unkn	Exon 3	toi	SYBRGreen I	81.400	2876.93	2860.93	2864.76	2862.24	2821.73	2809.17	2803.16	2784.97	2789.58	2789.18	2759.68	2732.5	2722.94	2698.84	2683.93	2673.92	2634.08	2603.45	2567.52	2536.59	2534.58	2507.23	2482.4	2461.68	2427.75	2402.75	2389.14	2367.16	2352.14	2333.12	2307.44	2281.76	2253.5	2225.39	2181.91	2154	2112.82	2087.39	2066.32	2034.79	2018.57	1988.19	1961.51	1929.26	1893.95	1861.23	1829.27	1807.82	1779.04	1730.86	1671.46	1581.99	1454.78	1293.17	1099.95	892.46	719.97	595.73	525.28	498.43	475.21	459.71	459.19	443.72	444.59	452.9	454.73	461.85	458.76	458.04	442.86	442.02	452.17	448.94	448.46	451.68	436.9	439	444.5	441.22	457.84	468.11
G6	SJ-NB-6	unkn	Exon 3	toi	SYBRGreen I	81.800	3046.86	3050.41	3045.66	3049.36	3040.12	3016.98	2987.9	2959.68	2964.16	2966.13	2956.04	2936.08	2895.03	2858.89	2837.27	2836.82	2802.1	2790.23	2771.98	2718.06	2708.8	2659.12	2628.3	2624.1	2591.27	2577.65	2545.56	2492.77	2470.15	2434.33	2408.46	2382.36	2355.49	2336.74	2302.91	2285.07	2241.95	2205.95	2184.8	2139.29	2110.06	2090.64	2059.4	2042.1	2010.1	1963.96	1925.41	1896.84	1862.5	1834.28	1795.86	1721.63	1616.45	1459.36	1259.48	1052.31	864.04	716	612.95	546.94	514.75	491.13	493.04	491.71	486.49	493.03	487.92	485.58	486.12	470.69	461.22	457.73	450.79	456.02	458.34	457.82	454.94	460.22	458.08	459.91	465.79	466.71
G7	SJ-NB-6	unkn	ZNF80	ref	SYBRGreen I	82.600	3746.43	3743.3	3743.85	3707.42	3680.53	3659.99	3639.24	3657.3	3659.15	3636.15	3618.91	3587.58	3550.49	3555.02	3540.53	3522.8	3529.44	3488.46	3467.92	3444.82	3386.42	3352.36	3307.02	3272.39	3246.65	3230.2	3204.95	3162.03	3127.97	3087.31	3054.34	3021.97	2993.9	2970.13	2933.2	2915.14	2890.5	2849.72	2810.69	2777.67	2744.02	2701.59	2685.44	2648.91	2595.55	2564.16	2518.9	2481.77	2459.49	2440.04	2422.63	2402.65	2369.84	2303.68	2175.36	1976.03	1691.83	1361.42	1060.04	817.69	689.28	643.2	628.84	626.02	626.8	614.32	607.37	600.53	571.6	566.42	544.15	543.93	540.39	527.67	523.59	520.19	521.76	517.78	510.36	510.38	521.06	522.22
G8	SJ-NB-6	unkn	ZNF80	ref	SYBRGreen I	82.600	3464.14	3452	3461.31	3429.03	3406.15	3392.9	3340.42	3353.51	3338.13	3325.4	3338.39	3299.49	3283.53	3269.74	3242.3	3241.25	3217.22	3200.05	3179.11	3165.94	3142.74	3098.94	3069.32	3033.7	3011.97	2993.41	2973.48	2934.75	2918.98	2887.12	2875.04	2845	2799.95	2771.44	2722.45	2702.64	2690.36	2659.07	2626.51	2591.05	2547.72	2521.67	2511.58	2482.83	2455.73	2417.74	2373.97	2350.2	2308	2295.55	2257.93	2218.7	2195.77	2146.51	2070.55	1939.03	1707.81	1405.09	1103.45	842.66	696.35	634.27	608.74	605.77	594.03	574.34	568.96	552.42	538.61	532.75	528.37	523.99	520.11	514.77	495.48	504.97	516.84	515.24	520.6	515.41	495.13	494.9
G9	SJ-NB-6	unkn	GPR15	ref	SYBRGreen I	83.000	3430.72	3416.07	3369.38	3372.02	3339.47	3308.24	3321.5	3292.39	3247.4	3212.73	3168.77	3132.44	3118.23	3114.5	3097.92	3067.72	3072.67	3061.93	3051.78	3035.5	2995.26	2960.44	2935.65	2915.86	2887.35	2848.48	2800.11	2769.06	2737.6	2708.74	2679.22	2662.52	2653.21	2633.38	2615.3	2569.54	2515.62	2468.03	2413.08	2382.72	2349.2	2301.08	2268.81	2229.97	2195.95	2166.59	2146.15	2109.26	2082.46	2057.11	2018.54	1991.1	1953.58	1924.04	1867.41	1760.96	1600.63	1350.18	1082.5	854.28	698.02	623.6	603.59	593.61	573.74	569.67	550.17	532.82	523.2	513.64	521.86	530.61	523.61	525.72	512.67	506.32	510.72	513.94	513.13	518.57	528.88	523.98
G10	SJ-NB-6	unkn	GPR15	ref	SYBRGreen I	83.000	2445.52	2463.23	2448.2	2456.14	2459.97	2448.35	2464.77	2460.31	2437.46	2417.66	2378.6	2348.2	2336.92	2336.22	2325.8	2308.38	2292.12	2267.22	2249.43	2232.91	2217.52	2189.81	2178.24	2163.4	2143.41	2127.76	2092.77	2063.96	2026.34	2002.17	1987.04	1962.57	1942.4	1918.58	1896.43	1873.23	1859.61	1851.26	1834.96	1824.99	1809.74	1775.74	1752.55	1727.71	1707.14	1701.5	1686.34	1670.8	1648.71	1622.34	1592.38	1563.01	1537.47	1500.92	1459.37	1399.01	1279.09	1119.94	951.96	796.36	698.85	659.76	647.07	638.96	632.56	625.71	620.84	615.98	612.39	594.92	580	565.74	563.85	561.4	555.69	556.89	553.56	556.26	557.1	564.6	571.65	572.79
H1	SJ-NB-6	unkn	Exon 1	toi	SYBRGreen I	87.800	2512.63	2586.14	2540.98	2527.24	2540.65	2509.5	2510.67	2489.56	2437.19	2398.67	2366.36	2348.8	2335.2	2301.71	2293.85	2272.49	2232.67	2212.82	2156.17	2088.14	2068.12	2028.16	2032.98	2030	2009.62	1998.45	1968.91	1966.5	1938.66	1911.66	1874.49	1844.03	1829.26	1808.95	1780.13	1733.73	1695.52	1643.46	1613.42	1586.15	1561.39	1549.76	1523.51	1488.76	1451.02	1425.79	1398.38	1388.51	1364.8	1345.87	1331.17	1295.99	1272.42	1236.2	1196.8	1182.44	1169.17	1150.3	1138.28	1118.69	1098.08	1065.98	1039.18	1025.97	978.14	954.32	922.26	872.79	822.1	749.94	650.48	543.07	458.79	396.13	373.72	374.68	380.5	385.29	383.09	388.42	409.38	428.03
H2	SJ-NB-6	unkn	Exon 1	toi	SYBRGreen I	88.200	2778.04	2790.24	2778.57	2759.45	2749.81	2717.04	2683.17	2670.76	2636.87	2617.47	2599.5	2563.75	2551.59	2541.9	2511.36	2504.2	2451.32	2417.09	2386.99	2323.17	2307.26	2266.01	2245.94	2232.3	2211.4	2190.54	2168.47	2140.18	2102.79	2067.97	2031.58	1999.83	1960.81	1931.16	1904.85	1884.83	1866.7	1848.05	1817.04	1791.79	1772.73	1732.86	1712.04	1688.13	1662.6	1650.97	1634.75	1612.97	1596.99	1581.73	1555.69	1531.6	1506.71	1471.38	1450.51	1431.07	1402.83	1379.49	1345.77	1318.47	1287.93	1263.64	1223.39	1186.97	1152.07	1102.14	1076.76	1028.47	972.2	899.09	786.8	669.51	551.77	456.16	408	389.76	375.15	377.18	374.32	357.53	363.4	359.11
H3	SJ-NB-6	unkn	Exon 2	toi	SYBRGreen I	78.600	3339.57	3349.68	3347.52	3333.2	3318.24	3288.72	3260.7	3249.38	3243.26	3234.82	3239.94	3207.42	3165.54	3109.03	3068.75	3040.8	3025.37	3022.42	2980.45	2942.35	2896.44	2871.53	2858.2	2858.04	2842.11	2810.98	2774.72	2730.25	2702.76	2670.3	2624.81	2589.43	2549.55	2514.65	2484.47	2444.72	2419.38	2392.9	2381.09	2348.08	2306.48	2259.67	2183.97	2124.6	2000.39	1819.53	1594.96	1323.56	1047.44	803.88	631.58	521.88	471.75	453.66	440.02	423.53	406.57	400.69	397.49	397.26	403.82	407.36	408.29	402.04	397.55	386.67	385.53	378.48	386.5	391.15	375.8	387.58	389.93	391.68	404.72	401.22	397.03	395.43	385.14	394.91	387.75	386.66
H4	SJ-NB-6	unkn	Exon 2	toi	SYBRGreen I	78.600	3015.86	3005.08	3002.04	2990.03	2984.2	2981.25	2977.88	2957.44	2947.08	2920.95	2896.7	2894.31	2851.54	2824.58	2790.36	2749.6	2746.46	2739.63	2720.74	2708.97	2675.51	2644.71	2615.29	2591.59	2557.16	2522.51	2497.05	2460.32	2438.68	2424.77	2401.18	2377.51	2347.74	2311.98	2277.18	2248.96	2226.09	2182.17	2147.56	2112.27	2077.22	2037.74	1996.17	1932.8	1815.86	1669.4	1450.01	1195.63	953.44	747.8	611.86	536.88	499.41	480.02	468.3	459.87	456.62	457.14	460.45	458.14	452.51	441.71	439.38	424.33	414.42	423.6	419.76	432.08	443.6	444.24	439.37	437.41	430.11	426.88	432.54	428.21	425.94	412.47	406.62	408.34	406	409.08
H5	SJ-NB-6	unkn	Exon 3	toi	SYBRGreen I	81.800	2338.33	2317.17	2329.32	2333.6	2311.14	2289.07	2266.36	2236.71	2227.02	2233.64	2198.27	2184.15	2159.61	2119.61	2114.43	2086.06	2069.41	2056.57	2032.51	2016.32	2011.04	1992.27	1968.05	1957.13	1925.98	1905.18	1889.51	1861.35	1834.88	1818.47	1803.39	1791.68	1772.52	1748.5	1725.42	1687.43	1675.34	1643.98	1627.02	1613.54	1589.99	1583.12	1560.4	1534.73	1514.48	1483.69	1456.39	1436.69	1417.78	1381.52	1344.52	1286.41	1198.4	1103.07	960.65	800.88	660.81	554.98	481.13	465.23	448.75	436.15	440.59	428.4	420.12	417.68	413.25	420.88	422.23	425.77	422.62	426.09	432.34	435.51	441.34	427.47	422.04	416.49	413.1	408.63	407.3	409.1
H6	SJ-NB-6	unkn	Exon 3	toi	SYBRGreen I	81.800	3031.85	3040.69	3011.23	3016.95	3000.34	2976.37	2967.68	2940.87	2942.94	2925.64	2901.16	2863.18	2793.8	2763.12	2746.76	2731.07	2719.4	2684.96	2643.76	2625.45	2628.73	2620.01	2589.47	2539.49	2484.46	2442.42	2409.9	2384.23	2363.93	2338.58	2336.97	2315.64	2288.85	2262.54	2235.11	2205.77	2174.99	2151.63	2121.37	2105.96	2077.23	2049.3	2017.27	1969.17	1922.64	1879.41	1834.37	1808.11	1799.86	1748.1	1684.22	1610.85	1517.38	1401.39	1249.58	1072.43	866.24	708.97	608.41	542.03	522.92	502.96	487.13	486.93	474.11	490.05	492.31	486.53	491.4	485.67	482.87	480.9	482.8	482.76	487.4	485.89	476.79	466.66	460.06	460.06	458.79	452.98
H7	SJ-NB-6	unkn	ZNF80	ref	SYBRGreen I	82.600	4249.77	4265.34	4266.13	4237.52	4212.66	4179.49	4143.16	4161.46	4176.56	4169.12	4136.45	4074.48	3986.14	3950.93	3949.59	3963.3	3945.99	3898.96	3853.85	3803.41	3784.38	3752.34	3717.54	3648.56	3618.74	3590.5	3542.13	3511.05	3457.25	3437.71	3411.29	3362.22	3338.28	3268.29	3215.74	3181.68	3125.38	3096.24	3040.88	2990.88	2963.41	2918.27	2888.8	2854.32	2796.8	2749.38	2703.84	2647.35	2603.47	2566.65	2522.02	2490.47	2451.45	2381.3	2287.07	2114.65	1837.89	1477.7	1118.06	855.81	675.86	599.44	569.14	532.12	513.98	510.41	503.07	479.3	477.27	470.19	467.58	491.54	475.91	477.6	480.25	479.01	486.72	468.1	455.15	453.62	454.44	454.93
H8	SJ-NB-6	unkn	ZNF80	ref	SYBRGreen I	83.000	4122.25	4025.14	4036.37	4049.06	4036.35	4043.71	4020.84	3987.86	3967.73	3978.27	3974.32	3970.33	3973.97	3942.48	3906.75	3886.15	3808.74	3751.58	3716.53	3674.37	3677	3659.53	3615.2	3566.97	3520.74	3496.04	3476.87	3438.17	3391.12	3358.56	3339.31	3325.78	3283.9	3228.82	3186.49	3144.38	3143.44	3129.56	3084.9	3049.29	2969.91	2935.76	2907.12	2863.51	2849.91	2791.74	2728.5	2700.44	2656.79	2621.83	2585.2	2534.77	2485.65	2440.55	2370.79	2206.16	1978.21	1652.22	1295.33	1009.07	796.9	705.86	687.57	704.55	724.94	707.72	685.46	644.42	596.71	588.33	585.99	584.61	587.63	589.54	581	576.85	588.28	585.77	579.75	587.9	578.72	556.89
H9	SJ-NB-6	unkn	GPR15	ref	SYBRGreen I	83.000	3517.67	3584.2	3548.4	3559.14	3539.85	3460.18	3439.37	3360.46	3350.82	3341.31	3341.74	3342.27	3309.49	3298.03	3267.68	3253.65	3232.84	3194.3	3165.05	3111.95	3043.11	3024.56	2948.51	2920.31	2932.23	2914.49	2916.84	2897.8	2867.72	2798.11	2782.17	2765.36	2736.67	2713.16	2653.04	2582.83	2519.72	2513.03	2476.55	2475.39	2455.86	2384.21	2371.06	2303.88	2216.43	2208.5	2143.25	2097.17	2104.91	2057.06	2009.12	2003.7	1961.79	1933.96	1913.47	1802.65	1649.11	1419.25	1134.07	884.71	696.07	579.13	534.21	525.94	547.22	538.03	547.59	564.93	536.79	521.43	515.17	482.14	469.93	471.58	451.93	471.08	475.54	477.93	479.63	469.98	480.02	497.18
H10	SJ-NB-6	unkn	GPR15	ref	SYBRGreen I	83.000	3609.33	3623.37	3599	3621.5	3612.32	3599.81	3580.99	3550.09	3526.53	3499.51	3462.95	3417.13	3390.33	3360.73	3369.41	3345.64	3340.8	3296.86	3264.95	3226.02	3180.95	3185.7	3156.39	3144.37	3111.26	3055.27	3000.65	2974.71	2923.6	2886.95	2874.89	2832.67	2795.33	2744.35	2707.4	2665.33	2637.85	2618.04	2572.86	2525.76	2498.98	2447.47	2395.37	2352.28	2301.24	2281.59	2249.03	2207.34	2178.18	2149.54	2116.79	2114.59	2066.38	2002.99	1955.01	1823.74	1677.84	1449.69	1166.96	934.83	732.07	630.36	589.12	546.55	542	527.25	515.63	533.06	535.02	521.67	514.79	501.38	491.36	512.88	525.72	517.71	507.22	472.55	451.28	439.05	449.24	480.54
